,p1,p2,p3,p4,p5,p6,p7
A,0.0,0.17322097378277154,5.355805243445693,0.7162921348314607,0.22940074906367042,0.7350187265917603,0.07958801498127341
C,0.0,0.0,0.0,0.0,0.0,0.0,0.0
D,1.0,0.015605493133583021,0.21535580524344572,6.198501872659176,0.006242197253433209,0.11548064918851438,0.4744069912609239
E,0.0,0.27153558052434457,0.02808988764044944,0.09363295880149813,0.09363295880149813,0.1404494382022472,0.08426966292134831
F,0.0,0.24344569288389514,0.0,0.009363295880149813,0.0,0.018726591760299626,0.0
G,0.0,0.20833333333333334,4.6956928838951315,0.09129213483146068,0.08192883895131087,4.6184456928838955,0.018726591760299626
H,0.0,0.01404494382022472,0.3651685393258427,0.01404494382022472,0.02808988764044944,0.19662921348314608,0.14044943820224717
I,0.0,0.02808988764044944,0.018726591760299626,10.674157303370787,0.02808988764044944,0.0,0.0
K,0.0,0.0,0.21067415730337077,0.02808988764044944,0.5056179775280898,0.0,0.05617977528089888
L,0.0,0.0,0.8370786516853932,0.11235955056179775,0.15730337078651685,0.0,0.11235955056179775
M,0.0,0.0,0.0,0.0,0.0,0.0,0.0
N,0.0,0.0,0.0,0.5266853932584269,0.06320224719101122,0.273876404494382,0.17556179775280897
P,0.0,1.1165730337078652,0.2528089887640449,0.0,0.00702247191011236,0.06320224719101122,13.911516853932584
Q,0.0,0.0,0.0,0.0,0.0,0.02808988764044944,0.0
R,0.0,9.269662921348315,0.0,0.13576779026217228,0.8239700374531835,0.2855805243445693,0.0749063670411985
S,0.0,0.13764044943820225,0.02247191011235955,0.011235955056179775,0.10393258426966293,0.011235955056179775,0.08426966292134831
T,0.0,0.01203852327447833,0.01203852327447833,0.07624398073836276,7.933386837881218,0.0,0.11235955056179775
V,0.0,6.44943820224719,0.016853932584269662,0.02247191011235955,0.0449438202247191,0.34269662921348315,0.0
W,0.0,0.22471910112359553,0.0749063670411985,0.0655430711610487,0.018726591760299626,0.05617977528089888,11.142322097378276
Y,0.0,0.014044943820224719,0.17455858747993577,0.1364365971107544,2.37760834670947,2.3635634028892456,0.14044943820224717
